{
  "title": "Políticas de Frete (Envio)",
  "meta_title": "Condições de entrega Tec Virtual",
  "meta_description": "Garantimos o Melhor Tempo de Entrega, Estoque no Brasil, Compra 100% Segura !!",
  "body": "![]()\n\n![]()\n\n![]()\n\n![]()\n\n![]()",
  "sections": [
    {
      "type": "custom-content",
      "markdown": "**Tipos de entrega:**\n\n\\- PAC\n\n\\- SEDEX\n\n\\- ENTREGA EXPRESSA MOTOBOY (DESATIVADO DE MOMENTO)\n\n\\- ENTREGA FLASH (DESATIVADO DE MOMENTO)\n\n**Condições gerais:**\n\nAs entregas feitas pela Tec Virtual via Correios são realizadas de segunda-feira a sexta-feira. O prazo de entrega é contado a partir da data da postagem em dias úteis, ou seja, não inclui sábados, domingos e feriados.\\\nExcepcionalmente entregas podem ocorrer aos sábados, domingos e feriados.\\\nNossas transportadoras e ou Correios realizam até três tentativas de entrega no local informado. É indispensável que, no endereço solicitado, tenha uma pessoa autorizada pelo comprador(a), maior de 18 anos, e portando documento de identificação para receber a mercadoria e assinar o protocolo.\n\n**Importante:** após a finalização do pedido não é possível alterar a forma de entrega, solicitar adiantamento ou prioridade. Todos os prazos de entrega levam em consideração o estoque, a região, o processo de emissão da declaração de conteúdo e o tempo de preparo do produto.\\\n\\\n**Situações em que podem ocorrer atraso na entrega:**\n\n\\- Se houver três tentativas de entrega sem sucesso, o pedido retornará para a sede. Para que seja realizada nova tentativa é preciso confirmar o endereço. O prazo para reenvio do produto será o mesmo que foi informado na finalização do pedido e conta a partir da data da nova postagem.\n\n* Após a conclusão do pedido, não é possível alterar o endereço de entrega. Caso tenha fornecido o endereço errado, entre em contato com o setor de *atendimento ao cliente* e solicite o cancelamento da compra caso o seu pedido ainda não tenha sido enviado.\n\n**Compromisso das transportadoras:**\n\nEm caso de ausência do destinatário, as transportadoras têm o compromisso de realizar até três tentativas de entrega, em dias alternados, com intervalos de até 48 horas entre uma e outra.\\\nA entrega só pode ser realizada a uma pessoa maior de 18 anos que apresente documento de identificação.\n\n**É vedado à transportadora:**\n\n\\- entrar no domicílio;\n\n\\- entregar por meios alternativos (exemplo: içar produto por janela);\n\n\\- realizar instalação ou manutenção de produtos;\n\n\\- abrir a embalagem do produto;\n\n\\- coletar produtos de devolução;\n\n\\- realizar entrega em endereço diferente ao que consta na PLP;\n\n\\- realizar entrega a menores de idade ou sem documento de identificação.\n\n**Ainda não recebi minha compra:**\n\nVerifique abaixo o que pode ter acontecido.\n\n**1 -** Data de entrega: verifique se a data prevista de entrega já expirou.\n\nSe a data de entrega do pedido passou, entre em contato com o nosso setor de Atendimento:\n\nO prazo de postagem de todos os produtos e por padrão 3 dias úteis, porém tem como via de regra o prazo máximo de postagem de 7 dias úteis.\n\n[WhatsApp: ](https://web.whatsapp.com/send?phone=%2B5541991049703)(11) 9 3023-4325[](https://web.whatsapp.com/send?phone=%2B5541991049703)[](https://www.duoplace.com.br/pages/entrega)\n\n**2 -** Dados do endereço: confirme se o endereço de entrega está correto em seu cadastro. Para sua segurança, nossos operadores não podem alterar dados cadastrais dos clientes.\n\nSe houver qualquer divergência pedimos que atualize o endereço de entrega em seu cadastro e entre em contato com o nosso setor de *atendimento ao cliente*.\n\n**3 -** Pagamento: confirme se o pagamento já foi aprovado. O prazo de aprovação do pagamento varia de acordo com a forma em que foi efetuado.\n\n**4 -** Ausência de recebedor: verifique o status do pedido. Caso conste a informação de que a transportadora já fez alguma tentativa infrutífera de entrega, pedimos que aguarde de 24h a 48h. Temos o compromisso de fazer até três tentativas de entrega consecutivas.\n\nCaso more em apartamento, verifique se o produto foi entregue na portaria.\n\n**5 -** Recusa do produto: certifique-se de que as pessoas encarregadas de receber o produto, como porteiros ou empregados, não se recusaram a recebê-lo. Nesse caso, entre contato com o nosso setor de atendimento ao cliente.\n\n**6 -** Fatores naturais e adversos: certifique-se de que, nos dias agendados para a entrega, não ocorreram chuvas fortes, acidentes ou greves na região onde o produto deveria ser entregue, impossibilitando a chegada do transportador.\n\nNossa equipe de atendimento ao cliente é treinada para esclarecer e solucionar qualquer ocorrência que possa comprometer o prazo de entrega informado na compra. Se suas dúvidas não foram sanadas por meio de nosso site, por favor, entre em com o nosso setor de atendimento ao cliente.\n\n**Prazo de entrega e disponibilidade:**\n\nO prazo para entrega dos produtos varia de acordo com o local, forma de pagamento e disponibilidade do produto adquirido e pode ser consultado na página do carrinho no momento da compra.\n\n**Atenção:** o prazo para entrega do pedido passa a ser considerado a partir da data de postagem.\n\n**Atenção**: prazo de postagem de todos os produtos e por padrão 3 dias úteis, porém tem como via de regra o prazo máximo de postagem de 7 dias úteis.\n\n**Insucesso e tentativas de entrega:**\n\nEm caso de ausência do destinatário, as transportadoras têm o compromisso de realizar até três tentativas de entrega, em dias alternados.\n\nÉ indispensável que, no endereço solicitado, tenha uma pessoa maior de 18 anos com documento de identificação para receber a mercadoria e assinar o protocolo.\n\nCaso as três tentativas resultem em insucesso, o pedido retornará para a Sede.\n\nPara que seja feita nova tentativa de entrega é preciso confirmar o endereço. O prazo para reenvio do produto será o mesmo informado na finalização do pedido, contado a partir da confirmação do endereço.\n\n\n\n*Transparência: Atualizado em 20/05/2022*\\\n*Att: Nova* administração."
    }
  ]
}