{
  "title": " Pagamento (+Segurança)",
  "meta_title": "Loja Segura Tec Virtual",
  "meta_description": "Pagamentos Online",
  "body": "**PIX - Pagamento Instantâneo** \n\nPagamento a Vista por **PIX**, Depósito ou Transferência bancária, você ganha **10% de desconto!**\n\n**Boleto Bancário** \n\n(Pagável em qualquer Banco ou Casa Lotérica)\\\nPagamento a Vista por Boleto Bancário, você ganha **10% de desconto!**\n\n**Cartão de Crédito** com Proteção ao Comprador do PayPal\n\nPagamento parcelado em até 8 vezes sem juros !\n\n![](/img/uploads/certificado-100-segu.png)\n\n# Levamos sua segurança a sério\n\nO Programa de Proteção ao Comprador do PayPal pode ajudá-lo fazer compras seguras e confiáveis pela Internet, além de protegê-lo contra pagamentos não autorizados enviados de sua conta do PayPal. Caso seu produto não seja enviado, você recebe o dinheiro de volta. E você não paga nada a mais por isso!\n\n## Quais compras podem ser cobertas pelo programa?\n\nSe o seu pedido não chegar ou for diferente do anunciado, nós podemos ajudá-lo a receber o pagamento de volta. Veja os casos em que você pode usar o programa de Proteção ao Comprador para fazer compras confiáveis pela Internet:\n\n1. Você recebeu um produto completamente diferente do que estava descrito na loja. Por exemplo, você comprou um livro e recebeu um DVD ou uma caixa vazia.\n2. O produto foi substancialmente danificado durante o transporte.\n3. O produto estava anunciado como original, mas você recebeu uma cópia\n4. O produto estava anunciado como novo, mas você recebeu um usado.\n5. O produto não tem peças ou recursos importantes, que não foram divulgados na descrição quando você o comprou.\n\n\n\n![](/img/uploads/ra2021tecvirtual.png)\n\n\n\nVocê sabe o que é o certificado RA1000 do Reclame Aqui? ![🤔](https://static.xx.fbcdn.net/images/emoji.php/v9/t34/1/16/1f914.png) Pois a gente vai te explicar. ![👇](https://static.xx.fbcdn.net/images/emoji.php/v9/t4f/1/16/1f447.png)\\\n\\\nO Reclame Aqui fornece um selo de excelência a empresas que demonstram aos seus consumidores o compromisso com o pós-venda e com a resolução dos seus problemas. ![✅](https://static.xx.fbcdn.net/images/emoji.php/v9/t33/1/16/2705.png)\\\n\\\nE qual a importância desse certificado pra você, consumidor?\\\n\\\nA certeza de poder confiar em uma empresa que se preocupa com você e que possui certificação máxima quando o assunto é excelência no atendimento prestado. ![😉](https://static.xx.fbcdn.net/images/emoji.php/v9/t57/1/16/1f609.png)\\\n\\\nE a Tec Virtual é uma empresa com certificação RA1000 na avaliação anual de 2021. Então, já sabe. Se você tá procurando segurança e preço baixo, pode confiar na Tec Virtual.\n\n*Transparência: Atualizado em 20/05/2022*\\\n*Att: Nova* administração.",
  "sections": []
}