{
  "meta_title": "",
  "meta_description": "",
  "sections": [
    {
      "type": "banner-slider",
      "autoplay": 6000,
      "slides": [
        {
          "start": "2022-01-24T16:29:46.289Z",
          "end": "",
          "img": "/img/uploads/futeboltec.png",
          "link": "https://www.tecvirtual.com.br/tecnologia-acm/"
        },
        {
          "start": "2022-05-14T15:12:03.286Z",
          "end": "2022-05-20T15:12:03.321Z",
          "img": "/img/uploads/off-frete.png",
          "mobile_img": "/img/uploads/off-frete.png"
        },
        {
          "start": "2022-01-24T16:09:25.939Z",
          "end": "",
          "img": "/img/uploads/iptv-correto.png",
          "link": "https://www.tecvirtual.com.br/iptv-somente-internet/"
        },
        {
          "start": "2022-06-14T17:49:58.026Z",
          "end": "",
          "img": "/img/uploads/red-flix-bom.png",
          "link": "https://www.tecvirtual.com.br/redflix-by-redplay-ultra-hd-wi-fi-iptv-somente-internet"
        }
      ],
      "full_width": false
    },
    {
      "type": "info-bar",
      "enabled": true
    },
    {
      "type": "custom-html",
      "html": "<div class=\"banner-centro\">\n\t<div class=\"container\">\n\t\t<div class=\"mini-banner\">\n\t\t\t<a href=\"#\">\n\t\t\t\t<img src=\"https://www.tecvirtual.com.br/img/uploads/mini1.jpg\">\n\t\t\t</a>\n\t\t</div>\n\t\t<div class=\"mini-banner\">\n\t\t\t<a href=\"#\">\n\t\t\t\t<img src=\"https://www.tecvirtual.com.br/img/uploads/mini2.jpg\">\n\t\t\t</a>\n\t\t</div>\n\t</div>\n</div>"
    },
    {
      "type": "collection-shelf",
      "shuffle": true,
      "collection_id": "61d70ff00c7c727225f5ebf6:categories:Promoção da Semana:/promocao-da-semana-tec-virtual",
      "limit": 23,
      "page": 1
    },
    {
      "type": "collection-shelf",
      "shuffle": true,
      "limit": 8,
      "page": 1,
      "collection_id": "60c373d3641ad82fcc260bd2:categories:IPTV | TV BOX (SÓ INTERNET):/iptv-somente-internet/"
    },
    {
      "type": "collection-shelf",
      "shuffle": true,
      "limit": 12,
      "page": 1,
      "collection_id": "60c8c428641ad82fcc293c9e:categories:Games:/games"
    },
    {
      "type": "collection-shelf",
      "shuffle": true,
      "limit": 12,
      "page": 1,
      "collection_id": "60c373d8641ad82fcc260be4:categories:Eletrônicos :/eletronicos-geral/"
    },
    {
      "type": "brands-carousel",
      "limit": 30,
      "offset": 0,
      "autoplay": 0,
      "sort": null
    },
    {
      "type": "custom-html",
      "html": "<div class=\"texto-footer\">\n\t<div class=\"insta-footer\">\n\t\t<div class=\"title-insta\">@tecvirtualoficial</div>\n\t\t\t<div id=\"instagram-feed\">\n            <!-- LightWidget WIDGET --><script src=\"https://cdn.lightwidget.com/widgets/lightwidget.js\"></script><iframe src=\"https://cdn.lightwidget.com/widgets/9cefffa3df6455e9a64ba9b0ab413813.html\" scrolling=\"no\" allowtransparency=\"true\" class=\"lightwidget-widget\" style=\"width:100%;border:0;overflow:hidden;\"></iframe>\n            </div>\n\t</div>\n\t\t\n\t<div class=\"logo-footer\">\n\t\t<img src=\"../img/uploads/logo-footer.png\">\n\t</div>\n\n\t<div class=\"text-footer\">\n\t\t\t<p>Nossa marca, Tec Virtual, é uma grande referência comercial, atuando no mercado de receptores desde 2017. <br><br>Nosso objetivo é, cada vez mais, trabalhar a gestão de marcas de forma constante, pois a consideramos um ativo estratégico cada vez mais importante para alcançar nosso objetivo em expandir nossa gama de produtos.</p>\n\t</div>\n</div>"
    }
  ]
}